S#,Passwords
1,nu@Fast1
2,nu@Fast2
3,nu@Fast3
4,nu@Fast4
5,nu@Fast5
6,nu@Fast6
7,nu@Fast7
8,nu@Fast8
9,nu@Fast9
10,nu@Fast10
11,nu@Fast11
12,nu@Fast12
13,nu@Fast13
14,nu@Fast14
15,nu@Fast15
16,nu@Fast16
17,nu@Fast17
18,nu@Fast18
19,nu@Fast19
20,nu@Fast20
21,nu@Fast21
22,nu@Fast22
23,nu@Fast23
24,nu@Fast24
25,nu@Fast25
26,nu@Fast26
27,nu@Fast27
28,nu@Fast28
29,nu@Fast29
30,nu@Fast30
31,nu@Fast31
32,nu@Fast32
33,nu@Fast33
34,nu@Fast34
35,nu@Fast35
36,nu@Fast36
37,nu@Fast37
38,nu@Fast38
39,nu@Fast39
40,nu@Fast40
41,nu@Fast41
42,nu@Fast42
43,nu@Fast43
44,nu@Fast44
45,nu@Fast45
46,nu@Fast46
47,nu@Fast47
48,nu@Fast48
49,nu@Fast49
50,nu@Fast50
51,nu@Fast51
52,nu@Fast52
53,nu@Fast53
54,nu@Fast54
55,nu@Fast55
56,nu@Fast56
57,nu@Fast57
58,nu@Fast58
59,nu@Fast59
60,nu@Fast60
61,nu@Fast61
62,nu@Fast62
63,nu@Fast63
64,nu@Fast64
65,nu@Fast65
66,nu@Fast66
67,nu@Fast67
68,nu@Fast68
69,nu@Fast69
70,nu@Fast70
71,nu@Fast71
72,nu@Fast72
73,nu@Fast73
74,nu@Fast74
75,nu@Fast75
76,nu@Fast76
77,nu@Fast77
78,nu@Fast78
79,nu@Fast79
80,nu@Fast80
81,nu@Fast81
82,nu@Fast82
83,nu@Fast83
84,nu@Fast84
85,nu@Fast85
86,nu@Fast86
87,nu@Fast87
88,nu@Fast88
89,nu@Fast89
90,nu@Fast90
91,nu@Fast91
92,nu@Fast92
93,nu@Fast93
94,nu@Fast94
95,nu@Fast95
96,nu@Fast96
97,nu@Fast97
98,nu@Fast98
99,nu@Fast99
100,nu@Fast100
101,nu@Fast101
102,nu@Fast102
103,nu@Fast103
104,nu@Fast104
105,nu@Fast105
106,nu@Fast106
107,nu@Fast107
108,nu@Fast108
109,nu@Fast109
110,nu@Fast110
111,nu@Fast111
112,nu@Fast112
113,nu@Fast113
114,nu@Fast114
115,nu@Fast115
116,nu@Fast116
117,nu@Fast117
118,nu@Fast118
119,nu@Fast119
120,nu@Fast120
121,nu@Fast121
122,nu@Fast122
123,nu@Fast123
124,nu@Fast124
125,nu@Fast125
126,nu@Fast126
127,nu@Fast127
128,nu@Fast128
129,nu@Fast129
130,nu@Fast130
131,nu@Fast131
132,nu@Fast132
133,nu@Fast133
134,nu@Fast134
135,nu@Fast135
136,nu@Fast136
137,nu@Fast137
138,nu@Fast138
139,nu@Fast139
140,nu@Fast140
141,nu@Fast141
142,nu@Fast142
143,nu@Fast143
144,nu@Fast144
145,nu@Fast145
146,nu@Fast146
147,nu@Fast147
148,nu@Fast148
149,nu@Fast149
150,nu@Fast150
151,nu@Fast151
152,nu@Fast152
153,nu@Fast153
154,nu@Fast154
155,nu@Fast155
156,nu@Fast156
157,nu@Fast157
158,nu@Fast158
159,nu@Fast159
160,nu@Fast160
161,nu@Fast161
162,nu@Fast162
163,nu@Fast163
164,nu@Fast164
165,nu@Fast165
166,nu@Fast166
167,nu@Fast167
168,nu@Fast168
169,nu@Fast169
170,nu@Fast170
171,nu@Fast171
172,nu@Fast172
173,nu@Fast173
174,nu@Fast174
175,nu@Fast175
176,nu@Fast176
177,nu@Fast177
178,nu@Fast178
179,nu@Fast179
180,nu@Fast180
181,nu@Fast181
182,nu@Fast182
183,nu@Fast183
184,nu@Fast184
185,nu@Fast185
186,nu@Fast186
187,nu@Fast187
188,nu@Fast188
189,nu@Fast189
190,nu@Fast190
191,nu@Fast191
192,nu@Fast192
193,nu@Fast193
194,nu@Fast194
195,nu@Fast195
196,nu@Fast196
197,nu@Fast197
198,nu@Fast198
199,nu@Fast199
200,nu@Fast200
201,nu@Fast201
202,nu@Fast202
203,nu@Fast203
204,nu@Fast204
205,nu@Fast205
206,nu@Fast206
207,nu@Fast207
208,nu@Fast208
209,nu@Fast209
210,nu@Fast210
211,nu@Fast211
212,nu@Fast212
213,nu@Fast213
214,nu@Fast214
215,nu@Fast215
216,nu@Fast216